firstname,lastname,company,email,country
Penny,Moore,Williams Bros.,PennyKMoore@dayrep.com,United Kingdom
Henry,Catalano,Pro Garden Management,HenryLCatalano@einrot.com,South Africa
Stephanie,Cone,Success Is Yours,StephanieMCone@teleworm.us,United Kingdom
Andrew,Flanagan,William Wanamaker & Sons,AndrewVFlanagan@dayrep.com,United Kingdom
Daniel,Wright,Purity Supreme,DanielAWright@dayrep.com,South Africa
Jose,Patton,Cut Rite,JoseMPatton@jourrapide.com,Canada
Jean,Cross,Superior Appraisals,JeanGCross@armyspy.com,United Kingdom
Kevin,Kennedy,Franklin Simon,KevinBKennedy@gustr.com,Australia
Leonard,Sinclair,Thorofare,LeonardMSinclair@teleworm.us,South Africa
Bruce,Campbell,Town and Country Convenience Stores,BruceMCampbell@einrot.com,Australia